ANIO,NUMERO_MES,MES,TIPO_ACCIDENTE,ID_ESTADO,ESTADO,ID_MUNICIPIO,NOMBRE_MUNICIPIO,TOTAL_ACCIDENTES,SUMA_MUERTOS,SUMA_HERIDOS
2012,1,Enero,Caída de pasajero,26,Sonora,30,Hermosillo,3,0,7
2012,1,Enero,Colisión con objeto fijo,26,Sonora,30,Hermosillo,18,0,13
2012,1,Enero,Colisión con peatón (atropellamiento),26,Sonora,30,Hermosillo,18,1,17
2012,1,Enero,Colisión con vehículo automotor,26,Sonora,30,Hermosillo,169,1,125
2012,1,Enero,Otro,26,Sonora,30,Hermosillo,2,0,0
2012,1,Enero,Volcadura,26,Sonora,30,Hermosillo,3,1,3
2012,2,Febrero,Caída de pasajero,26,Sonora,30,Hermosillo,3,0,3
2012,2,Febrero,Colisión con ciclista,26,Sonora,30,Hermosillo,10,0,11
2012,2,Febrero,Colisión con ferrocarril,26,Sonora,30,Hermosillo,1,0,5
2012,2,Febrero,Colisión con motocicleta,26,Sonora,30,Hermosillo,14,0,12
2012,2,Febrero,Colisión con objeto fijo,26,Sonora,30,Hermosillo,38,1,11
2012,2,Febrero,Colisión con peatón (atropellamiento),26,Sonora,30,Hermosillo,18,2,19
2012,2,Febrero,Colisión con vehículo automotor,26,Sonora,30,Hermosillo,118,2,96
2012,2,Febrero,Volcadura,26,Sonora,30,Hermosillo,2,0,4
2012,3,Marzo,Caída de pasajero,26,Sonora,30,Hermosillo,2,0,3
2012,3,Marzo,Colisión con ciclista,26,Sonora,30,Hermosillo,5,0,5
2012,3,Marzo,Colisión con motocicleta,26,Sonora,30,Hermosillo,24,1,25
2012,3,Marzo,Colisión con objeto fijo,26,Sonora,30,Hermosillo,31,0,4
2012,3,Marzo,Colisión con peatón (atropellamiento),26,Sonora,30,Hermosillo,22,2,23
2012,3,Marzo,Colisión con vehículo automotor,26,Sonora,30,Hermosillo,160,0,117
2012,3,Marzo,Salida del camino,26,Sonora,30,Hermosillo,2,0,0
2012,3,Marzo,Volcadura,26,Sonora,30,Hermosillo,5,0,10
2012,4,Abril,Colisión con ciclista,26,Sonora,30,Hermosillo,10,0,9
2012,4,Abril,Colisión con motocicleta,26,Sonora,30,Hermosillo,15,0,11
2012,4,Abril,Colisión con objeto fijo,26,Sonora,30,Hermosillo,29,0,11
2012,4,Abril,Colisión con peatón (atropellamiento),26,Sonora,30,Hermosillo,12,1,11
2012,4,Abril,Colisión con vehículo automotor,26,Sonora,30,Hermosillo,122,0,72
2012,4,Abril,Salida del camino,26,Sonora,30,Hermosillo,2,0,6
2012,4,Abril,Volcadura,26,Sonora,30,Hermosillo,5,0,5
2012,5,Mayo,Caída de pasajero,26,Sonora,30,Hermosillo,3,0,4
2012,5,Mayo,Colisión con ciclista,26,Sonora,30,Hermosillo,6,0,6
2012,5,Mayo,Colisión con motocicleta,26,Sonora,30,Hermosillo,14,1,13
2012,5,Mayo,Colisión con objeto fijo,26,Sonora,30,Hermosillo,31,0,12
2012,5,Mayo,Colisión con peatón (atropellamiento),26,Sonora,30,Hermosillo,14,0,14
2012,5,Mayo,Colisión con vehículo automotor,26,Sonora,30,Hermosillo,139,0,82
2012,5,Mayo,Volcadura,26,Sonora,30,Hermosillo,7,1,9
2012,6,Junio,Caída de pasajero,26,Sonora,30,Hermosillo,2,0,2
2012,6,Junio,Colisión con ciclista,26,Sonora,30,Hermosillo,7,0,6
2012,6,Junio,Colisión con ferrocarril,26,Sonora,30,Hermosillo,1,0,0
2012,6,Junio,Colisión con motocicleta,26,Sonora,30,Hermosillo,14,0,9
2012,6,Junio,Colisión con objeto fijo,26,Sonora,30,Hermosillo,30,0,12
2012,6,Junio,Colisión con peatón (atropellamiento),26,Sonora,30,Hermosillo,14,2,12
2012,6,Junio,Colisión con vehículo automotor,26,Sonora,30,Hermosillo,134,1,80
2012,6,Junio,Salida del camino,26,Sonora,30,Hermosillo,1,0,0
2012,6,Junio,Volcadura,26,Sonora,30,Hermosillo,5,0,4
2012,7,Julio,Caída de pasajero,26,Sonora,30,Hermosillo,2,0,2
2012,7,Julio,Colisión con ciclista,26,Sonora,30,Hermosillo,5,0,6
2012,7,Julio,Colisión con motocicleta,26,Sonora,30,Hermosillo,8,0,8
2012,7,Julio,Colisión con objeto fijo,26,Sonora,30,Hermosillo,26,0,0
2012,7,Julio,Colisión con peatón (atropellamiento),26,Sonora,30,Hermosillo,14,1,14
2012,7,Julio,Colisión con vehículo automotor,26,Sonora,30,Hermosillo,116,0,76
2012,7,Julio,Salida del camino,26,Sonora,30,Hermosillo,3,1,0
2012,7,Julio,Volcadura,26,Sonora,30,Hermosillo,5,0,2
2012,8,Agosto,Caída de pasajero,26,Sonora,30,Hermosillo,3,0,4
2012,8,Agosto,Colisión con ciclista,26,Sonora,30,Hermosillo,5,0,5
2012,8,Agosto,Colisión con motocicleta,26,Sonora,30,Hermosillo,16,1,15
2012,8,Agosto,Colisión con objeto fijo,26,Sonora,30,Hermosillo,23,0,8
2012,8,Agosto,Colisión con peatón (atropellamiento),26,Sonora,30,Hermosillo,22,1,23
2012,8,Agosto,Colisión con vehículo automotor,26,Sonora,30,Hermosillo,120,0,91
2012,8,Agosto,Salida del camino,26,Sonora,30,Hermosillo,1,0,2
2012,8,Agosto,Volcadura,26,Sonora,30,Hermosillo,1,0,1
2012,9,Septiembre,Caída de pasajero,26,Sonora,30,Hermosillo,1,0,1
2012,9,Septiembre,Colisión con ciclista,26,Sonora,30,Hermosillo,9,3,3
2012,9,Septiembre,Colisión con motocicleta,26,Sonora,30,Hermosillo,13,0,11
2012,9,Septiembre,Colisión con objeto fijo,26,Sonora,30,Hermosillo,13,0,1
2012,9,Septiembre,Colisión con peatón (atropellamiento),26,Sonora,30,Hermosillo,13,1,12
2012,9,Septiembre,Colisión con vehículo automotor,26,Sonora,30,Hermosillo,91,2,59
2012,9,Septiembre,Volcadura,26,Sonora,30,Hermosillo,1,0,0
2012,10,Octubre,Caída de pasajero,26,Sonora,30,Hermosillo,2,0,2
2012,10,Octubre,Colisión con ciclista,26,Sonora,30,Hermosillo,10,1,10
2012,10,Octubre,Colisión con motocicleta,26,Sonora,30,Hermosillo,15,0,15
2012,10,Octubre,Colisión con objeto fijo,26,Sonora,30,Hermosillo,26,0,8
2012,10,Octubre,Colisión con peatón (atropellamiento),26,Sonora,30,Hermosillo,19,0,21
2012,10,Octubre,Colisión con vehículo automotor,26,Sonora,30,Hermosillo,112,3,80
2012,10,Octubre,Volcadura,26,Sonora,30,Hermosillo,2,0,1
2012,11,Noviembre,Caída de pasajero,26,Sonora,30,Hermosillo,1,0,1
2012,11,Noviembre,Colisión con ciclista,26,Sonora,30,Hermosillo,7,0,8
2012,11,Noviembre,Colisión con motocicleta,26,Sonora,30,Hermosillo,10,0,12
2012,11,Noviembre,Colisión con objeto fijo,26,Sonora,30,Hermosillo,17,0,5
2012,11,Noviembre,Colisión con peatón (atropellamiento),26,Sonora,30,Hermosillo,19,1,19
2012,11,Noviembre,Colisión con vehículo automotor,26,Sonora,30,Hermosillo,107,0,85
2012,11,Noviembre,Salida del camino,26,Sonora,30,Hermosillo,2,0,2
2012,11,Noviembre,Volcadura,26,Sonora,30,Hermosillo,3,0,0
2012,12,Diciembre,Caída de pasajero,26,Sonora,30,Hermosillo,2,0,3
2012,12,Diciembre,Colisión con ciclista,26,Sonora,30,Hermosillo,9,1,8
2012,12,Diciembre,Colisión con motocicleta,26,Sonora,30,Hermosillo,14,2,12
2012,12,Diciembre,Colisión con objeto fijo,26,Sonora,30,Hermosillo,33,1,7
2012,12,Diciembre,Colisión con peatón (atropellamiento),26,Sonora,30,Hermosillo,12,0,13
2012,12,Diciembre,Colisión con vehículo automotor,26,Sonora,30,Hermosillo,124,0,83
2012,12,Diciembre,Volcadura,26,Sonora,30,Hermosillo,10,1,15
2013,1,Enero,Caída de pasajero,26,Sonora,30,Hermosillo,2,0,2
2013,1,Enero,Colisión con ciclista,26,Sonora,30,Hermosillo,7,0,7
2013,1,Enero,Colisión con motocicleta,26,Sonora,30,Hermosillo,11,0,7
2013,1,Enero,Colisión con objeto fijo,26,Sonora,30,Hermosillo,21,0,11
2013,1,Enero,Colisión con peatón (atropellamiento),26,Sonora,30,Hermosillo,14,0,16
2013,1,Enero,Colisión con vehículo automotor,26,Sonora,30,Hermosillo,99,0,70
2013,1,Enero,Salida del camino,26,Sonora,30,Hermosillo,2,0,0
2013,1,Enero,Volcadura,26,Sonora,30,Hermosillo,1,0,0
2013,2,Febrero,Caída de pasajero,26,Sonora,30,Hermosillo,2,0,3
2013,2,Febrero,Colisión con ciclista,26,Sonora,30,Hermosillo,5,0,6
2013,2,Febrero,Colisión con motocicleta,26,Sonora,30,Hermosillo,11,0,9
2013,2,Febrero,Colisión con objeto fijo,26,Sonora,30,Hermosillo,14,0,7
2013,2,Febrero,Colisión con peatón (atropellamiento),26,Sonora,30,Hermosillo,15,0,15
2013,2,Febrero,Colisión con vehículo automotor,26,Sonora,30,Hermosillo,88,1,86
2013,2,Febrero,Volcadura,26,Sonora,30,Hermosillo,3,0,3
2013,3,Marzo,Caída de pasajero,26,Sonora,30,Hermosillo,5,0,6
2013,3,Marzo,Colisión con ciclista,26,Sonora,30,Hermosillo,7,1,7
2013,3,Marzo,Colisión con motocicleta,26,Sonora,30,Hermosillo,19,0,20
2013,3,Marzo,Colisión con objeto fijo,26,Sonora,30,Hermosillo,16,0,8
2013,3,Marzo,Colisión con peatón (atropellamiento),26,Sonora,30,Hermosillo,20,1,23
2013,3,Marzo,Colisión con vehículo automotor,26,Sonora,30,Hermosillo,88,0,38
2013,3,Marzo,Salida del camino,26,Sonora,30,Hermosillo,3,0,3
2013,3,Marzo,Volcadura,26,Sonora,30,Hermosillo,1,0,0
2013,4,Abril,Caída de pasajero,26,Sonora,30,Hermosillo,2,0,2
2013,4,Abril,Colisión con ciclista,26,Sonora,30,Hermosillo,4,0,4
2013,4,Abril,Colisión con motocicleta,26,Sonora,30,Hermosillo,10,0,8
2013,4,Abril,Colisión con objeto fijo,26,Sonora,30,Hermosillo,17,0,4
2013,4,Abril,Colisión con peatón (atropellamiento),26,Sonora,30,Hermosillo,15,3,12
2013,4,Abril,Colisión con vehículo automotor,26,Sonora,30,Hermosillo,96,0,70
2013,4,Abril,Salida del camino,26,Sonora,30,Hermosillo,1,0,0
2013,4,Abril,Volcadura,26,Sonora,30,Hermosillo,4,0,4
2013,5,Mayo,Colisión con ciclista,26,Sonora,30,Hermosillo,7,0,8
2013,5,Mayo,Colisión con motocicleta,26,Sonora,30,Hermosillo,15,0,16
2013,5,Mayo,Colisión con objeto fijo,26,Sonora,30,Hermosillo,21,1,6
2013,5,Mayo,Colisión con peatón (atropellamiento),26,Sonora,30,Hermosillo,17,0,17
2013,5,Mayo,Colisión con vehículo automotor,26,Sonora,30,Hermosillo,125,0,85
2013,5,Mayo,Salida del camino,26,Sonora,30,Hermosillo,4,0,1
2013,5,Mayo,Volcadura,26,Sonora,30,Hermosillo,3,0,6
2013,6,Junio,Caída de pasajero,26,Sonora,30,Hermosillo,5,0,5
2013,6,Junio,Colisión con ciclista,26,Sonora,30,Hermosillo,5,0,5
2013,6,Junio,Colisión con motocicleta,26,Sonora,30,Hermosillo,18,0,19
2013,6,Junio,Colisión con objeto fijo,26,Sonora,30,Hermosillo,15,0,7
2013,6,Junio,Colisión con peatón (atropellamiento),26,Sonora,30,Hermosillo,21,3,20
2013,6,Junio,Colisión con vehículo automotor,26,Sonora,30,Hermosillo,108,0,66
2013,6,Junio,Otro,26,Sonora,30,Hermosillo,1,0,0
2013,6,Junio,Salida del camino,26,Sonora,30,Hermosillo,1,1,0
2013,6,Junio,Volcadura,26,Sonora,30,Hermosillo,3,0,4
2013,7,Julio,Caída de pasajero,26,Sonora,30,Hermosillo,3,0,4
2013,7,Julio,Colisión con animal,26,Sonora,30,Hermosillo,1,0,1
2013,7,Julio,Colisión con ciclista,26,Sonora,30,Hermosillo,5,0,5
2013,7,Julio,Colisión con motocicleta,26,Sonora,30,Hermosillo,13,1,15
2013,7,Julio,Colisión con objeto fijo,26,Sonora,30,Hermosillo,23,0,12
2013,7,Julio,Colisión con peatón (atropellamiento),26,Sonora,30,Hermosillo,20,1,21
2013,7,Julio,Colisión con vehículo automotor,26,Sonora,30,Hermosillo,88,0,66
2013,7,Julio,Salida del camino,26,Sonora,30,Hermosillo,2,4,0
2013,7,Julio,Volcadura,26,Sonora,30,Hermosillo,5,1,3
2013,8,Agosto,Colisión con ciclista,26,Sonora,30,Hermosillo,3,0,3
2013,8,Agosto,Colisión con motocicleta,26,Sonora,30,Hermosillo,17,0,18
2013,8,Agosto,Colisión con objeto fijo,26,Sonora,30,Hermosillo,20,1,6
2013,8,Agosto,Colisión con peatón (atropellamiento),26,Sonora,30,Hermosillo,8,0,8
2013,8,Agosto,Colisión con vehículo automotor,26,Sonora,30,Hermosillo,86,0,52
2013,8,Agosto,Salida del camino,26,Sonora,30,Hermosillo,1,0,0
2013,8,Agosto,Volcadura,26,Sonora,30,Hermosillo,3,0,7
2013,9,Septiembre,Caída de pasajero,26,Sonora,30,Hermosillo,1,0,1
2013,9,Septiembre,Colisión con objeto fijo,26,Sonora,30,Hermosillo,12,0,0
2013,9,Septiembre,Colisión con peatón (atropellamiento),26,Sonora,30,Hermosillo,26,3,26
2013,9,Septiembre,Colisión con vehículo automotor,26,Sonora,30,Hermosillo,111,3,87
2013,9,Septiembre,Salida del camino,26,Sonora,30,Hermosillo,1,0,0
2013,9,Septiembre,Volcadura,26,Sonora,30,Hermosillo,5,0,4
2013,10,Octubre,Caída de pasajero,26,Sonora,30,Hermosillo,2,0,2
2013,10,Octubre,Colisión con ciclista,26,Sonora,30,Hermosillo,6,1,5
2013,10,Octubre,Colisión con motocicleta,26,Sonora,30,Hermosillo,17,0,14
2013,10,Octubre,Colisión con objeto fijo,26,Sonora,30,Hermosillo,14,0,7
2013,10,Octubre,Colisión con peatón (atropellamiento),26,Sonora,30,Hermosillo,17,1,19
2013,10,Octubre,Colisión con vehículo automotor,26,Sonora,30,Hermosillo,112,2,79
2013,10,Octubre,Salida del camino,26,Sonora,30,Hermosillo,3,1,0
2013,10,Octubre,Volcadura,26,Sonora,30,Hermosillo,6,0,6
2013,11,Noviembre,Caída de pasajero,26,Sonora,30,Hermosillo,29,1,71
2013,11,Noviembre,Colisión con ciclista,26,Sonora,30,Hermosillo,6,1,6
2013,11,Noviembre,Colisión con motocicleta,26,Sonora,30,Hermosillo,19,0,11
2013,11,Noviembre,Colisión con peatón (atropellamiento),26,Sonora,30,Hermosillo,17,2,17
2013,11,Noviembre,Colisión con vehículo automotor,26,Sonora,30,Hermosillo,112,0,18
2013,12,Diciembre,Caída de pasajero,26,Sonora,30,Hermosillo,2,0,2
2013,12,Diciembre,Colisión con objeto fijo,26,Sonora,30,Hermosillo,22,0,5
2013,12,Diciembre,Colisión con peatón (atropellamiento),26,Sonora,30,Hermosillo,24,0,25
2013,12,Diciembre,Colisión con vehículo automotor,26,Sonora,30,Hermosillo,127,0,73
2014,1,Enero,Caída de pasajero,26,Sonora,30,Hermosillo,4,0,8
2014,1,Enero,Colisión con animal,26,Sonora,30,Hermosillo,1,0,0
2014,1,Enero,Colisión con ciclista,26,Sonora,30,Hermosillo,14,0,10
2014,1,Enero,Colisión con motocicleta,26,Sonora,30,Hermosillo,25,0,25
2014,1,Enero,Colisión con objeto fijo,26,Sonora,30,Hermosillo,37,1,20
2014,1,Enero,Colisión con peatón (atropellamiento),26,Sonora,30,Hermosillo,24,1,23
2014,1,Enero,Colisión con vehículo automotor,26,Sonora,30,Hermosillo,264,0,53
2014,1,Enero,Salida del camino,26,Sonora,30,Hermosillo,2,0,1
2014,1,Enero,Volcadura,26,Sonora,30,Hermosillo,4,0,4
2014,2,Febrero,Caída de pasajero,26,Sonora,30,Hermosillo,5,0,5
2014,2,Febrero,Colisión con ciclista,26,Sonora,30,Hermosillo,17,0,11
2014,2,Febrero,Colisión con motocicleta,26,Sonora,30,Hermosillo,27,0,16
2014,2,Febrero,Colisión con objeto fijo,26,Sonora,30,Hermosillo,39,0,4
2014,2,Febrero,Colisión con peatón (atropellamiento),26,Sonora,30,Hermosillo,21,1,20
2014,2,Febrero,Colisión con vehículo automotor,26,Sonora,30,Hermosillo,290,2,67
2014,2,Febrero,Volcadura,26,Sonora,30,Hermosillo,2,0,2
2014,3,Marzo,Caída de pasajero,26,Sonora,30,Hermosillo,8,0,12
2014,3,Marzo,Colisión con ciclista,26,Sonora,30,Hermosillo,16,0,13
2014,3,Marzo,Colisión con motocicleta,26,Sonora,30,Hermosillo,27,0,21
2014,3,Marzo,Colisión con objeto fijo,26,Sonora,30,Hermosillo,36,2,9
2014,3,Marzo,Colisión con peatón (atropellamiento),26,Sonora,30,Hermosillo,19,0,21
2014,3,Marzo,Colisión con vehículo automotor,26,Sonora,30,Hermosillo,318,1,88
2014,3,Marzo,Volcadura,26,Sonora,30,Hermosillo,5,0,2
2014,4,Abril,Caída de pasajero,26,Sonora,30,Hermosillo,4,0,6
2014,4,Abril,Colisión con ciclista,26,Sonora,30,Hermosillo,11,0,7
2014,4,Abril,Colisión con motocicleta,26,Sonora,30,Hermosillo,24,0,19
2014,4,Abril,Colisión con objeto fijo,26,Sonora,30,Hermosillo,40,2,7
2014,4,Abril,Colisión con peatón (atropellamiento),26,Sonora,30,Hermosillo,18,2,18
2014,4,Abril,Colisión con vehículo automotor,26,Sonora,30,Hermosillo,269,1,51
2014,4,Abril,Volcadura,26,Sonora,30,Hermosillo,2,1,1
2014,5,Mayo,Caída de pasajero,26,Sonora,30,Hermosillo,6,0,8
2014,5,Mayo,Colisión con ciclista,26,Sonora,30,Hermosillo,16,0,16
2014,5,Mayo,Colisión con motocicleta,26,Sonora,30,Hermosillo,36,0,37
2014,5,Mayo,Colisión con objeto fijo,26,Sonora,30,Hermosillo,33,1,14
2014,5,Mayo,Colisión con peatón (atropellamiento),26,Sonora,30,Hermosillo,37,2,39
2014,5,Mayo,Colisión con vehículo automotor,26,Sonora,30,Hermosillo,279,0,69
2014,5,Mayo,Volcadura,26,Sonora,30,Hermosillo,5,0,1
2014,6,Junio,Caída de pasajero,26,Sonora,30,Hermosillo,4,0,4
2014,6,Junio,Colisión con ciclista,26,Sonora,30,Hermosillo,12,0,10
2014,6,Junio,Colisión con motocicleta,26,Sonora,30,Hermosillo,28,0,18
2014,6,Junio,Colisión con objeto fijo,26,Sonora,30,Hermosillo,15,1,5
2014,6,Junio,Colisión con peatón (atropellamiento),26,Sonora,30,Hermosillo,14,0,15
2014,6,Junio,Colisión con vehículo automotor,26,Sonora,30,Hermosillo,211,1,57
2014,6,Junio,Volcadura,26,Sonora,30,Hermosillo,4,0,1
2014,7,Julio,Colisión con ciclista,26,Sonora,30,Hermosillo,8,0,8
2014,7,Julio,Colisión con motocicleta,26,Sonora,30,Hermosillo,17,0,19
2014,7,Julio,Colisión con objeto fijo,26,Sonora,30,Hermosillo,29,0,6
2014,7,Julio,Colisión con peatón (atropellamiento),26,Sonora,30,Hermosillo,13,0,13
2014,7,Julio,Colisión con vehículo automotor,26,Sonora,30,Hermosillo,246,1,56
2014,7,Julio,Volcadura,26,Sonora,30,Hermosillo,2,0,1
2014,8,Agosto,Caída de pasajero,26,Sonora,30,Hermosillo,5,0,5
2014,8,Agosto,Colisión con ciclista,26,Sonora,30,Hermosillo,10,0,7
2014,8,Agosto,Colisión con motocicleta,26,Sonora,30,Hermosillo,17,0,9
2014,8,Agosto,Colisión con objeto fijo,26,Sonora,30,Hermosillo,36,4,9
2014,8,Agosto,Colisión con peatón (atropellamiento),26,Sonora,30,Hermosillo,19,0,27
2014,8,Agosto,Colisión con vehículo automotor,26,Sonora,30,Hermosillo,275,0,70
2014,8,Agosto,Volcadura,26,Sonora,30,Hermosillo,7,0,0
2014,9,Septiembre,Caída de pasajero,26,Sonora,30,Hermosillo,3,0,3
2014,9,Septiembre,Colisión con ciclista,26,Sonora,30,Hermosillo,11,0,5
2014,9,Septiembre,Colisión con motocicleta,26,Sonora,30,Hermosillo,25,0,21
2014,9,Septiembre,Colisión con objeto fijo,26,Sonora,30,Hermosillo,24,0,3
2014,9,Septiembre,Colisión con peatón (atropellamiento),26,Sonora,30,Hermosillo,23,2,22
2014,9,Septiembre,Colisión con vehículo automotor,26,Sonora,30,Hermosillo,255,1,64
2014,9,Septiembre,Salida del camino,26,Sonora,30,Hermosillo,2,0,0
2014,9,Septiembre,Volcadura,26,Sonora,30,Hermosillo,4,0,3
2014,10,Octubre,Caída de pasajero,26,Sonora,30,Hermosillo,5,0,5
2014,10,Octubre,Colisión con ciclista,26,Sonora,30,Hermosillo,8,1,5
2014,10,Octubre,Colisión con motocicleta,26,Sonora,30,Hermosillo,21,0,21
2014,10,Octubre,Colisión con objeto fijo,26,Sonora,30,Hermosillo,21,0,5
2014,10,Octubre,Colisión con peatón (atropellamiento),26,Sonora,30,Hermosillo,28,3,29
2014,10,Octubre,Colisión con vehículo automotor,26,Sonora,30,Hermosillo,277,0,67
2014,10,Octubre,Salida del camino,26,Sonora,30,Hermosillo,3,0,5
2014,10,Octubre,Volcadura,26,Sonora,30,Hermosillo,3,0,1
2014,11,Noviembre,Caída de pasajero,26,Sonora,30,Hermosillo,1,0,1
2014,11,Noviembre,Colisión con ciclista,26,Sonora,30,Hermosillo,13,0,11
2014,11,Noviembre,Colisión con motocicleta,26,Sonora,30,Hermosillo,24,0,15
2014,11,Noviembre,Colisión con objeto fijo,26,Sonora,30,Hermosillo,26,1,3
2014,11,Noviembre,Colisión con peatón (atropellamiento),26,Sonora,30,Hermosillo,25,1,26
2014,11,Noviembre,Colisión con vehículo automotor,26,Sonora,30,Hermosillo,245,1,57
2014,11,Noviembre,Volcadura,26,Sonora,30,Hermosillo,4,0,3
2014,12,Diciembre,Caída de pasajero,26,Sonora,30,Hermosillo,2,0,2
2014,12,Diciembre,Colisión con ciclista,26,Sonora,30,Hermosillo,9,0,6
2014,12,Diciembre,Colisión con motocicleta,26,Sonora,30,Hermosillo,31,0,20
2014,12,Diciembre,Colisión con objeto fijo,26,Sonora,30,Hermosillo,29,0,7
2014,12,Diciembre,Colisión con peatón (atropellamiento),26,Sonora,30,Hermosillo,34,3,35
2014,12,Diciembre,Colisión con vehículo automotor,26,Sonora,30,Hermosillo,268,0,51
2014,12,Diciembre,Volcadura,26,Sonora,30,Hermosillo,9,2,5
2015,1,Enero,Caída de pasajero,26,Sonora,30,Hermosillo,5,1,4
2015,1,Enero,Colisión con motocicleta,26,Sonora,30,Hermosillo,29,1,19
2015,1,Enero,Colisión con objeto fijo,26,Sonora,30,Hermosillo,30,0,8
2015,1,Enero,Colisión con peatón (atropellamiento),26,Sonora,30,Hermosillo,28,1,27
2015,1,Enero,Colisión con vehículo automotor,26,Sonora,30,Hermosillo,260,1,60
2015,1,Enero,Salida del camino,26,Sonora,30,Hermosillo,3,1,4
2015,1,Enero,Volcadura,26,Sonora,30,Hermosillo,6,0,3
2015,2,Febrero,Caída de pasajero,26,Sonora,30,Hermosillo,3,0,3
2015,2,Febrero,Colisión con ciclista,26,Sonora,30,Hermosillo,10,0,7
2015,2,Febrero,Colisión con motocicleta,26,Sonora,30,Hermosillo,13,0,9
2015,2,Febrero,Colisión con objeto fijo,26,Sonora,30,Hermosillo,24,1,9
2015,2,Febrero,Colisión con peatón (atropellamiento),26,Sonora,30,Hermosillo,42,2,47
2015,2,Febrero,Colisión con vehículo automotor,26,Sonora,30,Hermosillo,260,1,44
2015,2,Febrero,Salida del camino,26,Sonora,30,Hermosillo,1,0,1
2015,2,Febrero,Volcadura,26,Sonora,30,Hermosillo,5,0,5
2015,3,Marzo,Caída de pasajero,26,Sonora,30,Hermosillo,3,0,3
2015,3,Marzo,Colisión con ciclista,26,Sonora,30,Hermosillo,6,0,3
2015,3,Marzo,Colisión con motocicleta,26,Sonora,30,Hermosillo,31,0,19
2015,3,Marzo,Colisión con objeto fijo,26,Sonora,30,Hermosillo,31,1,4
2015,3,Marzo,Colisión con peatón (atropellamiento),26,Sonora,30,Hermosillo,24,2,23
2015,3,Marzo,Colisión con vehículo automotor,26,Sonora,30,Hermosillo,292,1,61
2015,3,Marzo,Salida del camino,26,Sonora,30,Hermosillo,1,0,1
2015,3,Marzo,Volcadura,26,Sonora,30,Hermosillo,2,0,4
2015,4,Abril,Caída de pasajero,26,Sonora,30,Hermosillo,3,0,4
2015,4,Abril,Colisión con ciclista,26,Sonora,30,Hermosillo,10,0,6
2015,4,Abril,Colisión con motocicleta,26,Sonora,30,Hermosillo,16,0,11
2015,4,Abril,Colisión con objeto fijo,26,Sonora,30,Hermosillo,24,0,4
2015,4,Abril,Colisión con peatón (atropellamiento),26,Sonora,30,Hermosillo,15,1,16
2015,4,Abril,Colisión con vehículo automotor,26,Sonora,30,Hermosillo,242,0,51
2015,4,Abril,Salida del camino,26,Sonora,30,Hermosillo,1,0,0
2015,4,Abril,Volcadura,26,Sonora,30,Hermosillo,4,0,5
2015,5,Mayo,Caída de pasajero,26,Sonora,30,Hermosillo,5,0,7
2015,5,Mayo,Colisión con ciclista,26,Sonora,30,Hermosillo,13,1,10
2015,5,Mayo,Colisión con motocicleta,26,Sonora,30,Hermosillo,43,0,36
2015,5,Mayo,Colisión con objeto fijo,26,Sonora,30,Hermosillo,28,0,0
2015,5,Mayo,Colisión con peatón (atropellamiento),26,Sonora,30,Hermosillo,17,0,18
2015,5,Mayo,Colisión con vehículo automotor,26,Sonora,30,Hermosillo,323,0,68
2015,5,Mayo,Salida del camino,26,Sonora,30,Hermosillo,3,0,0
2015,5,Mayo,Volcadura,26,Sonora,30,Hermosillo,2,0,3
2015,6,Junio,Caída de pasajero,26,Sonora,30,Hermosillo,5,0,6
2015,6,Junio,Colisión con ciclista,26,Sonora,30,Hermosillo,11,0,6
2015,6,Junio,Colisión con motocicleta,26,Sonora,30,Hermosillo,27,0,17
2015,6,Junio,Colisión con objeto fijo,26,Sonora,30,Hermosillo,29,0,27
2015,6,Junio,Colisión con peatón (atropellamiento),26,Sonora,30,Hermosillo,18,0,20
2015,6,Junio,Colisión con vehículo automotor,26,Sonora,30,Hermosillo,310,0,67
2015,6,Junio,Salida del camino,26,Sonora,30,Hermosillo,4,0,2
2015,6,Junio,Volcadura,26,Sonora,30,Hermosillo,5,0,1
2015,7,Julio,Caída de pasajero,26,Sonora,30,Hermosillo,1,0,1
2015,7,Julio,Colisión con ciclista,26,Sonora,30,Hermosillo,10,0,7
2015,7,Julio,Colisión con motocicleta,26,Sonora,30,Hermosillo,28,0,17
2015,7,Julio,Colisión con objeto fijo,26,Sonora,30,Hermosillo,36,0,6
2015,7,Julio,Colisión con peatón (atropellamiento),26,Sonora,30,Hermosillo,15,0,16
2015,7,Julio,Colisión con vehículo automotor,26,Sonora,30,Hermosillo,263,0,54
2015,7,Julio,Salida del camino,26,Sonora,30,Hermosillo,2,0,0
2015,7,Julio,Volcadura,26,Sonora,30,Hermosillo,4,0,5
2015,8,Agosto,Caída de pasajero,26,Sonora,30,Hermosillo,4,0,11
2015,8,Agosto,Colisión con ciclista,26,Sonora,30,Hermosillo,9,2,9
2015,8,Agosto,Colisión con motocicleta,26,Sonora,30,Hermosillo,25,1,16
2015,8,Agosto,Colisión con objeto fijo,26,Sonora,30,Hermosillo,21,0,23
2015,8,Agosto,Colisión con peatón (atropellamiento),26,Sonora,30,Hermosillo,36,0,39
2015,8,Agosto,Colisión con vehículo automotor,26,Sonora,30,Hermosillo,253,0,56
2015,8,Agosto,Salida del camino,26,Sonora,30,Hermosillo,2,0,0
2015,8,Agosto,Volcadura,26,Sonora,30,Hermosillo,6,0,2
2015,9,Septiembre,Caída de pasajero,26,Sonora,30,Hermosillo,8,0,9
2015,9,Septiembre,Colisión con ciclista,26,Sonora,30,Hermosillo,4,1,3
2015,9,Septiembre,Colisión con motocicleta,26,Sonora,30,Hermosillo,18,0,16
2015,9,Septiembre,Colisión con objeto fijo,26,Sonora,30,Hermosillo,30,0,8
2015,9,Septiembre,Colisión con peatón (atropellamiento),26,Sonora,30,Hermosillo,26,1,26
2015,9,Septiembre,Colisión con vehículo automotor,26,Sonora,30,Hermosillo,251,2,59
2015,9,Septiembre,Salida del camino,26,Sonora,30,Hermosillo,1,0,0
2015,9,Septiembre,Volcadura,26,Sonora,30,Hermosillo,6,0,4
2015,10,Octubre,Caída de pasajero,26,Sonora,30,Hermosillo,2,0,2
2015,10,Octubre,Colisión con ciclista,26,Sonora,30,Hermosillo,4,0,3
2015,10,Octubre,Colisión con motocicleta,26,Sonora,30,Hermosillo,23,0,9
2015,10,Octubre,Colisión con objeto fijo,26,Sonora,30,Hermosillo,34,3,30
2015,10,Octubre,Colisión con peatón (atropellamiento),26,Sonora,30,Hermosillo,22,1,21
2015,10,Octubre,Colisión con vehículo automotor,26,Sonora,30,Hermosillo,257,1,47
2015,10,Octubre,Otro,26,Sonora,30,Hermosillo,2,0,0
2015,10,Octubre,Volcadura,26,Sonora,30,Hermosillo,7,0,7
2015,11,Noviembre,Caída de pasajero,26,Sonora,30,Hermosillo,2,0,2
2015,11,Noviembre,Colisión con ciclista,26,Sonora,30,Hermosillo,4,0,2
2015,11,Noviembre,Colisión con motocicleta,26,Sonora,30,Hermosillo,35,0,28
2015,11,Noviembre,Colisión con objeto fijo,26,Sonora,30,Hermosillo,30,0,7
2015,11,Noviembre,Colisión con peatón (atropellamiento),26,Sonora,30,Hermosillo,21,1,24
2015,11,Noviembre,Colisión con vehículo automotor,26,Sonora,30,Hermosillo,248,0,59
2015,11,Noviembre,Salida del camino,26,Sonora,30,Hermosillo,1,0,0
2015,11,Noviembre,Volcadura,26,Sonora,30,Hermosillo,10,0,10
2015,12,Diciembre,Caída de pasajero,26,Sonora,30,Hermosillo,2,0,2
2015,12,Diciembre,Colisión con ciclista,26,Sonora,30,Hermosillo,10,0,1
2015,12,Diciembre,Colisión con motocicleta,26,Sonora,30,Hermosillo,30,0,5
2015,12,Diciembre,Colisión con objeto fijo,26,Sonora,30,Hermosillo,26,1,11
2015,12,Diciembre,Colisión con peatón (atropellamiento),26,Sonora,30,Hermosillo,28,0,32
2015,12,Diciembre,Colisión con vehículo automotor,26,Sonora,30,Hermosillo,264,4,89
2015,12,Diciembre,Salida del camino,26,Sonora,30,Hermosillo,1,0,0
2015,12,Diciembre,Volcadura,26,Sonora,30,Hermosillo,4,0,2
2016,1,Enero,Caída de pasajero,26,Sonora,30,Hermosillo,1,0,1
2016,1,Enero,Colisión con ciclista,26,Sonora,30,Hermosillo,7,0,6
2016,1,Enero,Colisión con motocicleta,26,Sonora,30,Hermosillo,16,0,12
2016,1,Enero,Colisión con objeto fijo,26,Sonora,30,Hermosillo,29,3,26
2016,1,Enero,Colisión con peatón (atropellamiento),26,Sonora,30,Hermosillo,21,0,22
2016,1,Enero,Colisión con vehículo automotor,26,Sonora,30,Hermosillo,219,0,105
2016,1,Enero,Otro,26,Sonora,30,Hermosillo,2,0,2
2016,1,Enero,Salida del camino,26,Sonora,30,Hermosillo,1,0,0
2016,2,Febrero,Caída de pasajero,26,Sonora,30,Hermosillo,3,0,3
2016,2,Febrero,Colisión con ciclista,26,Sonora,30,Hermosillo,9,1,4
2016,2,Febrero,Colisión con motocicleta,26,Sonora,30,Hermosillo,20,0,17
2016,2,Febrero,Colisión con objeto fijo,26,Sonora,30,Hermosillo,18,0,6
2016,2,Febrero,Colisión con peatón (atropellamiento),26,Sonora,30,Hermosillo,17,0,21
2016,2,Febrero,Colisión con vehículo automotor,26,Sonora,30,Hermosillo,180,1,55
2016,2,Febrero,Otro,26,Sonora,30,Hermosillo,3,0,0
2016,2,Febrero,Volcadura,26,Sonora,30,Hermosillo,7,0,1
2016,3,Marzo,Caída de pasajero,26,Sonora,30,Hermosillo,2,0,2
2016,3,Marzo,Colisión con ciclista,26,Sonora,30,Hermosillo,6,0,4
2016,3,Marzo,Colisión con motocicleta,26,Sonora,30,Hermosillo,20,0,11
2016,3,Marzo,Colisión con objeto fijo,26,Sonora,30,Hermosillo,22,4,17
2016,3,Marzo,Colisión con peatón (atropellamiento),26,Sonora,30,Hermosillo,21,1,24
2016,3,Marzo,Colisión con vehículo automotor,26,Sonora,30,Hermosillo,176,0,32
2016,3,Marzo,Salida del camino,26,Sonora,30,Hermosillo,3,1,2
2016,3,Marzo,Volcadura,26,Sonora,30,Hermosillo,5,0,11
2016,4,Abril,Caída de pasajero,26,Sonora,30,Hermosillo,5,1,4
2016,4,Abril,Colisión con ciclista,26,Sonora,30,Hermosillo,7,0,6
2016,4,Abril,Colisión con motocicleta,26,Sonora,30,Hermosillo,25,1,16
2016,4,Abril,Colisión con objeto fijo,26,Sonora,30,Hermosillo,26,0,3
2016,4,Abril,Colisión con peatón (atropellamiento),26,Sonora,30,Hermosillo,16,0,16
2016,4,Abril,Colisión con vehículo automotor,26,Sonora,30,Hermosillo,210,0,42
2016,4,Abril,Volcadura,26,Sonora,30,Hermosillo,3,0,0
2016,5,Mayo,Caída de pasajero,26,Sonora,30,Hermosillo,2,0,2
2016,5,Mayo,Colisión con ciclista,26,Sonora,30,Hermosillo,6,0,4
2016,5,Mayo,Colisión con motocicleta,26,Sonora,30,Hermosillo,16,0,11
2016,5,Mayo,Colisión con objeto fijo,26,Sonora,30,Hermosillo,26,0,3
2016,5,Mayo,Colisión con peatón (atropellamiento),26,Sonora,30,Hermosillo,12,3,9
2016,5,Mayo,Colisión con vehículo automotor,26,Sonora,30,Hermosillo,149,0,54
2016,5,Mayo,Salida del camino,26,Sonora,30,Hermosillo,3,0,0
2016,5,Mayo,Volcadura,26,Sonora,30,Hermosillo,3,0,0
2016,6,Junio,Caída de pasajero,26,Sonora,30,Hermosillo,2,0,2
2016,6,Junio,Colisión con ciclista,26,Sonora,30,Hermosillo,6,0,4
2016,6,Junio,Colisión con motocicleta,26,Sonora,30,Hermosillo,22,0,12
2016,6,Junio,Colisión con objeto fijo,26,Sonora,30,Hermosillo,28,0,6
2016,6,Junio,Colisión con peatón (atropellamiento),26,Sonora,30,Hermosillo,17,0,18
2016,6,Junio,Colisión con vehículo automotor,26,Sonora,30,Hermosillo,216,0,50
2016,6,Junio,Volcadura,26,Sonora,30,Hermosillo,3,0,1
2016,7,Julio,Caída de pasajero,26,Sonora,30,Hermosillo,2,0,2
2016,7,Julio,Colisión con ciclista,26,Sonora,30,Hermosillo,6,0,4
2016,7,Julio,Colisión con motocicleta,26,Sonora,30,Hermosillo,23,0,18
2016,7,Julio,Colisión con objeto fijo,26,Sonora,30,Hermosillo,22,0,5
2016,7,Julio,Colisión con peatón (atropellamiento),26,Sonora,30,Hermosillo,14,1,16
2016,7,Julio,Colisión con vehículo automotor,26,Sonora,30,Hermosillo,166,2,25
2016,7,Julio,Salida del camino,26,Sonora,30,Hermosillo,2,0,0
2016,7,Julio,Volcadura,26,Sonora,30,Hermosillo,8,0,7
2016,8,Agosto,Caída de pasajero,26,Sonora,30,Hermosillo,2,0,2
2016,8,Agosto,Colisión con ciclista,26,Sonora,30,Hermosillo,1,1,0
2016,8,Agosto,Colisión con motocicleta,26,Sonora,30,Hermosillo,17,0,11
2016,8,Agosto,Colisión con objeto fijo,26,Sonora,30,Hermosillo,28,0,10
2016,8,Agosto,Colisión con peatón (atropellamiento),26,Sonora,30,Hermosillo,16,0,18
2016,8,Agosto,Colisión con vehículo automotor,26,Sonora,30,Hermosillo,173,0,38
2016,8,Agosto,Salida del camino,26,Sonora,30,Hermosillo,1,0,0
2016,8,Agosto,Volcadura,26,Sonora,30,Hermosillo,6,2,4
2016,9,Septiembre,Caída de pasajero,26,Sonora,30,Hermosillo,4,1,3
2016,9,Septiembre,Colisión con ciclista,26,Sonora,30,Hermosillo,5,0,3
2016,9,Septiembre,Colisión con motocicleta,26,Sonora,30,Hermosillo,21,0,13
2016,9,Septiembre,Colisión con objeto fijo,26,Sonora,30,Hermosillo,25,0,5
2016,9,Septiembre,Colisión con peatón (atropellamiento),26,Sonora,30,Hermosillo,21,0,22
2016,9,Septiembre,Colisión con vehículo automotor,26,Sonora,30,Hermosillo,207,0,40
2016,9,Septiembre,Volcadura,26,Sonora,30,Hermosillo,6,1,3
2016,10,Octubre,Caída de pasajero,26,Sonora,30,Hermosillo,7,0,10
2016,10,Octubre,Colisión con motocicleta,26,Sonora,30,Hermosillo,28,0,21
2016,10,Octubre,Colisión con objeto fijo,26,Sonora,30,Hermosillo,29,0,0
2016,10,Octubre,Colisión con peatón (atropellamiento),26,Sonora,30,Hermosillo,15,1,15
2016,10,Octubre,Colisión con vehículo automotor,26,Sonora,30,Hermosillo,178,0,50
2016,10,Octubre,Salida del camino,26,Sonora,30,Hermosillo,2,0,1
2016,10,Octubre,Volcadura,26,Sonora,30,Hermosillo,4,1,1
2016,11,Noviembre,Caída de pasajero,26,Sonora,30,Hermosillo,3,0,5
2016,11,Noviembre,Colisión con ciclista,26,Sonora,30,Hermosillo,12,0,8
2016,11,Noviembre,Colisión con motocicleta,26,Sonora,30,Hermosillo,22,2,15
2016,11,Noviembre,Colisión con objeto fijo,26,Sonora,30,Hermosillo,21,0,8
2016,11,Noviembre,Colisión con peatón (atropellamiento),26,Sonora,30,Hermosillo,24,4,20
2016,11,Noviembre,Colisión con vehículo automotor,26,Sonora,30,Hermosillo,150,2,45
2016,11,Noviembre,Salida del camino,26,Sonora,30,Hermosillo,1,0,0
2016,11,Noviembre,Volcadura,26,Sonora,30,Hermosillo,8,1,7
2016,12,Diciembre,Caída de pasajero,26,Sonora,30,Hermosillo,2,0,2
2016,12,Diciembre,Colisión con animal,26,Sonora,30,Hermosillo,1,0,0
2016,12,Diciembre,Colisión con ciclista,26,Sonora,30,Hermosillo,5,0,4
2016,12,Diciembre,Colisión con ferrocarril,26,Sonora,30,Hermosillo,1,0,1
2016,12,Diciembre,Colisión con motocicleta,26,Sonora,30,Hermosillo,19,0,11
2016,12,Diciembre,Colisión con objeto fijo,26,Sonora,30,Hermosillo,33,0,10
2016,12,Diciembre,Colisión con peatón (atropellamiento),26,Sonora,30,Hermosillo,26,2,25
2016,12,Diciembre,Colisión con vehículo automotor,26,Sonora,30,Hermosillo,164,1,38
2016,12,Diciembre,Salida del camino,26,Sonora,30,Hermosillo,2,0,1
2016,12,Diciembre,Volcadura,26,Sonora,30,Hermosillo,5,0,7
2017,1,Enero,Caída de pasajero,26,Sonora,30,Hermosillo,3,0,3
2017,1,Enero,Colisión con animal,26,Sonora,30,Hermosillo,1,0,0
2017,1,Enero,Colisión con ciclista,26,Sonora,30,Hermosillo,8,2,3
2017,1,Enero,Colisión con motocicleta,26,Sonora,30,Hermosillo,15,0,14
2017,1,Enero,Colisión con objeto fijo,26,Sonora,30,Hermosillo,24,1,4
2017,1,Enero,Colisión con peatón (atropellamiento),26,Sonora,30,Hermosillo,26,1,25
2017,1,Enero,Colisión con vehículo automotor,26,Sonora,30,Hermosillo,153,0,32
2017,1,Enero,Salida del camino,26,Sonora,30,Hermosillo,3,0,1
2017,1,Enero,Volcadura,26,Sonora,30,Hermosillo,1,0,0
2017,2,Febrero,Caída de pasajero,26,Sonora,30,Hermosillo,3,0,4
2017,2,Febrero,Colisión con animal,26,Sonora,30,Hermosillo,6,0,1
2017,2,Febrero,Colisión con ciclista,26,Sonora,30,Hermosillo,5,0,4
2017,2,Febrero,Colisión con motocicleta,26,Sonora,30,Hermosillo,20,0,12
2017,2,Febrero,Colisión con objeto fijo,26,Sonora,30,Hermosillo,17,0,5
2017,2,Febrero,Colisión con peatón (atropellamiento),26,Sonora,30,Hermosillo,23,1,22
2017,2,Febrero,Colisión con vehículo automotor,26,Sonora,30,Hermosillo,162,5,38
2017,2,Febrero,Salida del camino,26,Sonora,30,Hermosillo,1,0,0
2017,2,Febrero,Volcadura,26,Sonora,30,Hermosillo,8,0,4
2017,3,Marzo,Caída de pasajero,26,Sonora,30,Hermosillo,3,0,3
2017,3,Marzo,Colisión con animal,26,Sonora,30,Hermosillo,1,0,0
2017,3,Marzo,Colisión con ciclista,26,Sonora,30,Hermosillo,9,1,2
2017,3,Marzo,Colisión con motocicleta,26,Sonora,30,Hermosillo,22,0,2
2017,3,Marzo,Colisión con objeto fijo,26,Sonora,30,Hermosillo,21,0,2
2017,3,Marzo,Colisión con peatón (atropellamiento),26,Sonora,30,Hermosillo,32,0,33
2017,3,Marzo,Colisión con vehículo automotor,26,Sonora,30,Hermosillo,159,0,9
2017,3,Marzo,Salida del camino,26,Sonora,30,Hermosillo,2,0,1
2017,3,Marzo,Volcadura,26,Sonora,30,Hermosillo,8,2,7
2017,4,Abril,Caída de pasajero,26,Sonora,30,Hermosillo,2,0,2
2017,4,Abril,Colisión con ciclista,26,Sonora,30,Hermosillo,3,0,2
2017,4,Abril,Colisión con motocicleta,26,Sonora,30,Hermosillo,17,0,8
2017,4,Abril,Colisión con objeto fijo,26,Sonora,30,Hermosillo,24,0,1
2017,4,Abril,Colisión con peatón (atropellamiento),26,Sonora,30,Hermosillo,20,4,16
2017,4,Abril,Colisión con vehículo automotor,26,Sonora,30,Hermosillo,152,0,16
2017,4,Abril,Salida del camino,26,Sonora,30,Hermosillo,3,0,0
2017,4,Abril,Volcadura,26,Sonora,30,Hermosillo,6,0,4
2017,5,Mayo,Caída de pasajero,26,Sonora,30,Hermosillo,2,0,3
2017,5,Mayo,Colisión con animal,26,Sonora,30,Hermosillo,3,0,0
2017,5,Mayo,Colisión con ciclista,26,Sonora,30,Hermosillo,6,0,4
2017,5,Mayo,Colisión con motocicleta,26,Sonora,30,Hermosillo,27,0,14
2017,5,Mayo,Colisión con objeto fijo,26,Sonora,30,Hermosillo,15,0,1
2017,5,Mayo,Colisión con peatón (atropellamiento),26,Sonora,30,Hermosillo,24,0,24
2017,5,Mayo,Colisión con vehículo automotor,26,Sonora,30,Hermosillo,195,0,13
2017,5,Mayo,Salida del camino,26,Sonora,30,Hermosillo,2,0,0
2017,5,Mayo,Volcadura,26,Sonora,30,Hermosillo,6,0,3
2017,6,Junio,Caída de pasajero,26,Sonora,30,Hermosillo,3,0,3
2017,6,Junio,Colisión con ciclista,26,Sonora,30,Hermosillo,12,0,9
2017,6,Junio,Colisión con motocicleta,26,Sonora,30,Hermosillo,17,2,15
2017,6,Junio,Colisión con objeto fijo,26,Sonora,30,Hermosillo,16,0,1
2017,6,Junio,Colisión con peatón (atropellamiento),26,Sonora,30,Hermosillo,12,1,11
2017,6,Junio,Colisión con vehículo automotor,26,Sonora,30,Hermosillo,170,2,23
2017,6,Junio,Salida del camino,26,Sonora,30,Hermosillo,1,0,0
2017,6,Junio,Volcadura,26,Sonora,30,Hermosillo,4,1,1
2017,7,Julio,Caída de pasajero,26,Sonora,30,Hermosillo,2,0,2
2017,7,Julio,Colisión con animal,26,Sonora,30,Hermosillo,4,0,0
2017,7,Julio,Colisión con ciclista,26,Sonora,30,Hermosillo,7,0,5
2017,7,Julio,Colisión con motocicleta,26,Sonora,30,Hermosillo,21,1,8
2017,7,Julio,Colisión con objeto fijo,26,Sonora,30,Hermosillo,36,0,7
2017,7,Julio,Colisión con peatón (atropellamiento),26,Sonora,30,Hermosillo,21,2,21
2017,7,Julio,Colisión con vehículo automotor,26,Sonora,30,Hermosillo,167,1,38
2017,7,Julio,Otro,26,Sonora,30,Hermosillo,1,0,1
2017,7,Julio,Salida del camino,26,Sonora,30,Hermosillo,3,0,3
2017,7,Julio,Volcadura,26,Sonora,30,Hermosillo,6,0,10
2017,8,Agosto,Caída de pasajero,26,Sonora,30,Hermosillo,4,0,4
2017,8,Agosto,Colisión con animal,26,Sonora,30,Hermosillo,4,0,0
2017,8,Agosto,Colisión con ciclista,26,Sonora,30,Hermosillo,6,2,4
2017,8,Agosto,Colisión con motocicleta,26,Sonora,30,Hermosillo,17,2,11
2017,8,Agosto,Colisión con objeto fijo,26,Sonora,30,Hermosillo,29,1,13
2017,8,Agosto,Colisión con peatón (atropellamiento),26,Sonora,30,Hermosillo,21,3,19
2017,8,Agosto,Colisión con vehículo automotor,26,Sonora,30,Hermosillo,167,5,33
2017,8,Agosto,Otro,26,Sonora,30,Hermosillo,1,0,0
2017,8,Agosto,Salida del camino,26,Sonora,30,Hermosillo,1,0,1
2017,8,Agosto,Volcadura,26,Sonora,30,Hermosillo,7,0,7
2017,9,Septiembre,Caída de pasajero,26,Sonora,30,Hermosillo,1,0,1
2017,9,Septiembre,Colisión con ciclista,26,Sonora,30,Hermosillo,9,0,7
2017,9,Septiembre,Colisión con motocicleta,26,Sonora,30,Hermosillo,17,0,10
2017,9,Septiembre,Colisión con objeto fijo,26,Sonora,30,Hermosillo,26,0,5
2017,9,Septiembre,Colisión con peatón (atropellamiento),26,Sonora,30,Hermosillo,34,5,30
2017,9,Septiembre,Colisión con vehículo automotor,26,Sonora,30,Hermosillo,163,1,33
2017,9,Septiembre,Salida del camino,26,Sonora,30,Hermosillo,1,0,0
2017,9,Septiembre,Volcadura,26,Sonora,30,Hermosillo,11,2,15
2017,10,Octubre,Caída de pasajero,26,Sonora,30,Hermosillo,5,1,5
2017,10,Octubre,Colisión con animal,26,Sonora,30,Hermosillo,1,0,0
2017,10,Octubre,Colisión con ciclista,26,Sonora,30,Hermosillo,5,0,5
2017,10,Octubre,Colisión con motocicleta,26,Sonora,30,Hermosillo,23,0,19
2017,10,Octubre,Colisión con objeto fijo,26,Sonora,30,Hermosillo,18,0,3
2017,10,Octubre,Colisión con peatón (atropellamiento),26,Sonora,30,Hermosillo,23,1,26
2017,10,Octubre,Colisión con vehículo automotor,26,Sonora,30,Hermosillo,181,0,25
2017,10,Octubre,Salida del camino,26,Sonora,30,Hermosillo,2,0,1
2017,10,Octubre,Volcadura,26,Sonora,30,Hermosillo,7,1,1
2017,11,Noviembre,Caída de pasajero,26,Sonora,30,Hermosillo,1,0,1
2017,11,Noviembre,Colisión con animal,26,Sonora,30,Hermosillo,3,0,0
2017,11,Noviembre,Colisión con ciclista,26,Sonora,30,Hermosillo,4,0,5
2017,11,Noviembre,Colisión con motocicleta,26,Sonora,30,Hermosillo,20,2,18
2017,11,Noviembre,Colisión con objeto fijo,26,Sonora,30,Hermosillo,23,0,12
2017,11,Noviembre,Colisión con peatón (atropellamiento),26,Sonora,30,Hermosillo,28,3,27
2017,11,Noviembre,Colisión con vehículo automotor,26,Sonora,30,Hermosillo,142,1,41
2017,11,Noviembre,Otro,26,Sonora,30,Hermosillo,21,0,13
2017,11,Noviembre,Salida del camino,26,Sonora,30,Hermosillo,5,0,1
2017,11,Noviembre,Volcadura,26,Sonora,30,Hermosillo,8,1,2
2017,12,Diciembre,Caída de pasajero,26,Sonora,30,Hermosillo,1,0,1
2017,12,Diciembre,Colisión con animal,26,Sonora,30,Hermosillo,2,1,0
2017,12,Diciembre,Colisión con ciclista,26,Sonora,30,Hermosillo,11,0,12
2017,12,Diciembre,Colisión con motocicleta,26,Sonora,30,Hermosillo,20,1,12
2017,12,Diciembre,Colisión con objeto fijo,26,Sonora,30,Hermosillo,33,1,10
2017,12,Diciembre,Colisión con peatón (atropellamiento),26,Sonora,30,Hermosillo,24,2,23
2017,12,Diciembre,Colisión con vehículo automotor,26,Sonora,30,Hermosillo,131,2,33
2017,12,Diciembre,Salida del camino,26,Sonora,30,Hermosillo,1,0,1
2017,12,Diciembre,Volcadura,26,Sonora,30,Hermosillo,9,0,5
2018,1,Enero,Caída de pasajero,26,Sonora,30,Hermosillo,3,0,6
2018,1,Enero,Colisión con animal,26,Sonora,30,Hermosillo,3,0,0
2018,1,Enero,Colisión con ciclista,26,Sonora,30,Hermosillo,8,2,5
2018,1,Enero,Colisión con motocicleta,26,Sonora,30,Hermosillo,26,1,22
2018,1,Enero,Colisión con objeto fijo,26,Sonora,30,Hermosillo,27,0,3
2018,1,Enero,Colisión con peatón (atropellamiento),26,Sonora,30,Hermosillo,21,0,21
2018,1,Enero,Colisión con vehículo automotor,26,Sonora,30,Hermosillo,117,1,21
2018,1,Enero,Salida del camino,26,Sonora,30,Hermosillo,2,1,1
2018,1,Enero,Volcadura,26,Sonora,30,Hermosillo,2,0,1
2018,2,Febrero,Caída de pasajero,26,Sonora,30,Hermosillo,2,0,2
2018,2,Febrero,Colisión con animal,26,Sonora,30,Hermosillo,4,0,1
2018,2,Febrero,Colisión con ciclista,26,Sonora,30,Hermosillo,9,0,7
2018,2,Febrero,Colisión con motocicleta,26,Sonora,30,Hermosillo,13,2,10
2018,2,Febrero,Colisión con objeto fijo,26,Sonora,30,Hermosillo,19,0,3
2018,2,Febrero,Colisión con peatón (atropellamiento),26,Sonora,30,Hermosillo,19,2,18
2018,2,Febrero,Colisión con vehículo automotor,26,Sonora,30,Hermosillo,159,2,39
2018,2,Febrero,Salida del camino,26,Sonora,30,Hermosillo,11,0,5
2018,2,Febrero,Volcadura,26,Sonora,30,Hermosillo,11,0,12
2018,3,Marzo,Caída de pasajero,26,Sonora,30,Hermosillo,4,1,3
2018,3,Marzo,Colisión con animal,26,Sonora,30,Hermosillo,5,0,0
2018,3,Marzo,Colisión con ciclista,26,Sonora,30,Hermosillo,8,2,5
2018,3,Marzo,Colisión con motocicleta,26,Sonora,30,Hermosillo,24,1,15
2018,3,Marzo,Colisión con objeto fijo,26,Sonora,30,Hermosillo,15,1,3
2018,3,Marzo,Colisión con peatón (atropellamiento),26,Sonora,30,Hermosillo,20,2,22
2018,3,Marzo,Colisión con vehículo automotor,26,Sonora,30,Hermosillo,151,0,33
2018,3,Marzo,Salida del camino,26,Sonora,30,Hermosillo,3,0,1
2018,3,Marzo,Volcadura,26,Sonora,30,Hermosillo,8,0,8
2018,4,Abril,Caída de pasajero,26,Sonora,30,Hermosillo,5,0,5
2018,4,Abril,Colisión con animal,26,Sonora,30,Hermosillo,2,1,2
2018,4,Abril,Colisión con ciclista,26,Sonora,30,Hermosillo,4,1,1
2018,4,Abril,Colisión con motocicleta,26,Sonora,30,Hermosillo,13,1,7
2018,4,Abril,Colisión con objeto fijo,26,Sonora,30,Hermosillo,23,1,4
2018,4,Abril,Colisión con peatón (atropellamiento),26,Sonora,30,Hermosillo,18,2,16
2018,4,Abril,Colisión con vehículo automotor,26,Sonora,30,Hermosillo,132,2,33
2018,4,Abril,Volcadura,26,Sonora,30,Hermosillo,8,3,13
2018,5,Mayo,Caída de pasajero,26,Sonora,30,Hermosillo,2,0,2
2018,5,Mayo,Colisión con animal,26,Sonora,30,Hermosillo,1,0,0
2018,5,Mayo,Colisión con ciclista,26,Sonora,30,Hermosillo,6,0,3
2018,5,Mayo,Colisión con motocicleta,26,Sonora,30,Hermosillo,21,1,17
2018,5,Mayo,Colisión con objeto fijo,26,Sonora,30,Hermosillo,27,0,5
2018,5,Mayo,Colisión con peatón (atropellamiento),26,Sonora,30,Hermosillo,14,0,14
2018,5,Mayo,Colisión con vehículo automotor,26,Sonora,30,Hermosillo,186,0,43
2018,5,Mayo,Salida del camino,26,Sonora,30,Hermosillo,3,0,0
2018,5,Mayo,Volcadura,26,Sonora,30,Hermosillo,12,0,5
2018,6,Junio,Caída de pasajero,26,Sonora,30,Hermosillo,4,1,3
2018,6,Junio,Colisión con animal,26,Sonora,30,Hermosillo,1,0,0
2018,6,Junio,Colisión con ciclista,26,Sonora,30,Hermosillo,6,0,4
2018,6,Junio,Colisión con motocicleta,26,Sonora,30,Hermosillo,28,1,17
2018,6,Junio,Colisión con objeto fijo,26,Sonora,30,Hermosillo,31,0,5
2018,6,Junio,Colisión con peatón (atropellamiento),26,Sonora,30,Hermosillo,16,0,17
2018,6,Junio,Colisión con vehículo automotor,26,Sonora,30,Hermosillo,169,0,46
2018,6,Junio,Salida del camino,26,Sonora,30,Hermosillo,1,0,0
2018,6,Junio,Volcadura,26,Sonora,30,Hermosillo,12,1,14
2018,7,Julio,Caída de pasajero,26,Sonora,30,Hermosillo,4,0,4
2018,7,Julio,Colisión con animal,26,Sonora,30,Hermosillo,5,0,5
2018,7,Julio,Colisión con ciclista,26,Sonora,30,Hermosillo,3,1,1
2018,7,Julio,Colisión con ferrocarril,26,Sonora,30,Hermosillo,1,0,0
2018,7,Julio,Colisión con motocicleta,26,Sonora,30,Hermosillo,12,0,9
2018,7,Julio,Colisión con objeto fijo,26,Sonora,30,Hermosillo,25,0,9
2018,7,Julio,Colisión con peatón (atropellamiento),26,Sonora,30,Hermosillo,15,2,13
2018,7,Julio,Colisión con vehículo automotor,26,Sonora,30,Hermosillo,121,2,54
2018,7,Julio,Salida del camino,26,Sonora,30,Hermosillo,2,0,2
2018,7,Julio,Volcadura,26,Sonora,30,Hermosillo,8,0,1
2018,8,Agosto,Caída de pasajero,26,Sonora,30,Hermosillo,2,0,2
2018,8,Agosto,Colisión con animal,26,Sonora,30,Hermosillo,2,0,0
2018,8,Agosto,Colisión con ciclista,26,Sonora,30,Hermosillo,4,0,3
2018,8,Agosto,Colisión con motocicleta,26,Sonora,30,Hermosillo,10,0,9
2018,8,Agosto,Colisión con objeto fijo,26,Sonora,30,Hermosillo,27,0,5
2018,8,Agosto,Colisión con peatón (atropellamiento),26,Sonora,30,Hermosillo,16,1,15
2018,8,Agosto,Colisión con vehículo automotor,26,Sonora,30,Hermosillo,130,3,51
2018,8,Agosto,Volcadura,26,Sonora,30,Hermosillo,3,0,2
2018,9,Septiembre,Colisión con animal,26,Sonora,30,Hermosillo,1,0,0
2018,9,Septiembre,Colisión con ciclista,26,Sonora,30,Hermosillo,7,0,7
2018,9,Septiembre,Colisión con motocicleta,26,Sonora,30,Hermosillo,18,0,15
2018,9,Septiembre,Colisión con objeto fijo,26,Sonora,30,Hermosillo,17,0,3
2018,9,Septiembre,Colisión con peatón (atropellamiento),26,Sonora,30,Hermosillo,24,1,24
2018,9,Septiembre,Colisión con vehículo automotor,26,Sonora,30,Hermosillo,142,0,14
2018,9,Septiembre,Salida del camino,26,Sonora,30,Hermosillo,4,1,3
2018,9,Septiembre,Volcadura,26,Sonora,30,Hermosillo,8,2,10
2018,10,Octubre,Caída de pasajero,26,Sonora,30,Hermosillo,5,0,5
2018,10,Octubre,Colisión con animal,26,Sonora,30,Hermosillo,5,0,0
2018,10,Octubre,Colisión con ciclista,26,Sonora,30,Hermosillo,7,0,5
2018,10,Octubre,Colisión con motocicleta,26,Sonora,30,Hermosillo,17,0,16
2018,10,Octubre,Colisión con objeto fijo,26,Sonora,30,Hermosillo,22,0,3
2018,10,Octubre,Colisión con peatón (atropellamiento),26,Sonora,30,Hermosillo,16,0,16
2018,10,Octubre,Colisión con vehículo automotor,26,Sonora,30,Hermosillo,163,0,44
2018,10,Octubre,Salida del camino,26,Sonora,30,Hermosillo,3,1,2
2018,10,Octubre,Volcadura,26,Sonora,30,Hermosillo,8,0,4
2018,11,Noviembre,Caída de pasajero,26,Sonora,30,Hermosillo,4,0,4
2018,11,Noviembre,Colisión con ciclista,26,Sonora,30,Hermosillo,8,0,8
2018,11,Noviembre,Colisión con motocicleta,26,Sonora,30,Hermosillo,23,0,13
2018,11,Noviembre,Colisión con objeto fijo,26,Sonora,30,Hermosillo,32,0,1
2018,11,Noviembre,Colisión con peatón (atropellamiento),26,Sonora,30,Hermosillo,19,1,18
2018,11,Noviembre,Colisión con vehículo automotor,26,Sonora,30,Hermosillo,164,0,23
2018,11,Noviembre,Salida del camino,26,Sonora,30,Hermosillo,6,0,5
2018,11,Noviembre,Volcadura,26,Sonora,30,Hermosillo,9,2,8
2018,12,Diciembre,Caída de pasajero,26,Sonora,30,Hermosillo,1,0,2
2018,12,Diciembre,Colisión con animal,26,Sonora,30,Hermosillo,2,0,0
2018,12,Diciembre,Colisión con ciclista,26,Sonora,30,Hermosillo,11,2,7
2018,12,Diciembre,Colisión con motocicleta,26,Sonora,30,Hermosillo,25,0,18
2018,12,Diciembre,Colisión con objeto fijo,26,Sonora,30,Hermosillo,23,1,3
2018,12,Diciembre,Colisión con peatón (atropellamiento),26,Sonora,30,Hermosillo,21,2,19
2018,12,Diciembre,Colisión con vehículo automotor,26,Sonora,30,Hermosillo,153,0,21
2018,12,Diciembre,Salida del camino,26,Sonora,30,Hermosillo,7,0,7
2018,12,Diciembre,Volcadura,26,Sonora,30,Hermosillo,9,0,7
2019,1,Enero,Caída de pasajero,26,Sonora,30,Hermosillo,6,0,7
2019,1,Enero,Colisión con animal,26,Sonora,30,Hermosillo,3,0,0
2019,1,Enero,Colisión con ciclista,26,Sonora,30,Hermosillo,4,2,2
2019,1,Enero,Colisión con motocicleta,26,Sonora,30,Hermosillo,22,1,21
2019,1,Enero,Colisión con objeto fijo,26,Sonora,30,Hermosillo,26,0,3
2019,1,Enero,Colisión con peatón (atropellamiento),26,Sonora,30,Hermosillo,16,1,17
2019,1,Enero,Colisión con vehículo automotor,26,Sonora,30,Hermosillo,124,0,35
2019,1,Enero,Otro,26,Sonora,30,Hermosillo,1,0,0
2019,1,Enero,Salida del camino,26,Sonora,30,Hermosillo,2,0,0
2019,1,Enero,Volcadura,26,Sonora,30,Hermosillo,8,2,5
2019,2,Febrero,Caída de pasajero,26,Sonora,30,Hermosillo,4,1,3
2019,2,Febrero,Colisión con animal,26,Sonora,30,Hermosillo,2,0,0
2019,2,Febrero,Colisión con ciclista,26,Sonora,30,Hermosillo,10,0,6
2019,2,Febrero,Colisión con motocicleta,26,Sonora,30,Hermosillo,14,0,12
2019,2,Febrero,Colisión con objeto fijo,26,Sonora,30,Hermosillo,28,0,7
2019,2,Febrero,Colisión con peatón (atropellamiento),26,Sonora,30,Hermosillo,19,3,16
2019,2,Febrero,Colisión con vehículo automotor,26,Sonora,30,Hermosillo,145,0,32
2019,2,Febrero,Salida del camino,26,Sonora,30,Hermosillo,2,0,1
2019,2,Febrero,Volcadura,26,Sonora,30,Hermosillo,8,0,0
2019,3,Marzo,Caída de pasajero,26,Sonora,30,Hermosillo,2,0,4
2019,3,Marzo,Colisión con animal,26,Sonora,30,Hermosillo,1,0,0
2019,3,Marzo,Colisión con ciclista,26,Sonora,30,Hermosillo,12,0,9
2019,3,Marzo,Colisión con motocicleta,26,Sonora,30,Hermosillo,24,0,11
2019,3,Marzo,Colisión con objeto fijo,26,Sonora,30,Hermosillo,29,1,4
2019,3,Marzo,Colisión con peatón (atropellamiento),26,Sonora,30,Hermosillo,23,3,21
2019,3,Marzo,Colisión con vehículo automotor,26,Sonora,30,Hermosillo,166,1,55
2019,3,Marzo,Salida del camino,26,Sonora,30,Hermosillo,1,0,0
2019,3,Marzo,Volcadura,26,Sonora,30,Hermosillo,10,1,7
2019,4,Abril,Caída de pasajero,26,Sonora,30,Hermosillo,6,0,6
2019,4,Abril,Colisión con animal,26,Sonora,30,Hermosillo,2,0,0
2019,4,Abril,Colisión con ciclista,26,Sonora,30,Hermosillo,10,3,5
2019,4,Abril,Colisión con motocicleta,26,Sonora,30,Hermosillo,18,0,13
2019,4,Abril,Colisión con objeto fijo,26,Sonora,30,Hermosillo,26,0,4
2019,4,Abril,Colisión con peatón (atropellamiento),26,Sonora,30,Hermosillo,13,0,14
2019,4,Abril,Colisión con vehículo automotor,26,Sonora,30,Hermosillo,120,5,33
2019,4,Abril,Otro,26,Sonora,30,Hermosillo,1,0,0
2019,4,Abril,Salida del camino,26,Sonora,30,Hermosillo,2,1,1
2019,4,Abril,Volcadura,26,Sonora,30,Hermosillo,6,0,4
2019,5,Mayo,Caída de pasajero,26,Sonora,30,Hermosillo,2,0,2
2019,5,Mayo,Colisión con animal,26,Sonora,30,Hermosillo,2,0,0
2019,5,Mayo,Colisión con ciclista,26,Sonora,30,Hermosillo,11,2,8
2019,5,Mayo,Colisión con motocicleta,26,Sonora,30,Hermosillo,27,3,15
2019,5,Mayo,Colisión con objeto fijo,26,Sonora,30,Hermosillo,29,0,7
2019,5,Mayo,Colisión con peatón (atropellamiento),26,Sonora,30,Hermosillo,22,2,21
2019,5,Mayo,Colisión con vehículo automotor,26,Sonora,30,Hermosillo,178,3,47
2019,5,Mayo,Salida del camino,26,Sonora,30,Hermosillo,1,0,0
2019,5,Mayo,Volcadura,26,Sonora,30,Hermosillo,9,1,5
2019,6,Junio,Colisión con animal,26,Sonora,30,Hermosillo,1,0,1
2019,6,Junio,Colisión con ciclista,26,Sonora,30,Hermosillo,12,1,11
2019,6,Junio,Colisión con ferrocarril,26,Sonora,30,Hermosillo,1,0,0
2019,6,Junio,Colisión con motocicleta,26,Sonora,30,Hermosillo,21,0,16
2019,6,Junio,Colisión con objeto fijo,26,Sonora,30,Hermosillo,38,0,6
2019,6,Junio,Colisión con peatón (atropellamiento),26,Sonora,30,Hermosillo,19,1,18
2019,6,Junio,Colisión con vehículo automotor,26,Sonora,30,Hermosillo,172,0,36
2019,6,Junio,Volcadura,26,Sonora,30,Hermosillo,17,1,9
2019,7,Julio,Caída de pasajero,26,Sonora,30,Hermosillo,3,0,3
2019,7,Julio,Colisión con animal,26,Sonora,30,Hermosillo,1,0,0
2019,7,Julio,Colisión con ciclista,26,Sonora,30,Hermosillo,9,0,7
2019,7,Julio,Colisión con motocicleta,26,Sonora,30,Hermosillo,24,1,14
2019,7,Julio,Colisión con objeto fijo,26,Sonora,30,Hermosillo,29,0,4
2019,7,Julio,Colisión con peatón (atropellamiento),26,Sonora,30,Hermosillo,16,2,15
2019,7,Julio,Colisión con vehículo automotor,26,Sonora,30,Hermosillo,137,0,29
2019,7,Julio,Otro,26,Sonora,30,Hermosillo,1,0,0
2019,7,Julio,Salida del camino,26,Sonora,30,Hermosillo,2,1,3
2019,7,Julio,Volcadura,26,Sonora,30,Hermosillo,8,2,6
2019,8,Agosto,Caída de pasajero,26,Sonora,30,Hermosillo,5,0,5
2019,8,Agosto,Colisión con animal,26,Sonora,30,Hermosillo,2,0,1
2019,8,Agosto,Colisión con ciclista,26,Sonora,30,Hermosillo,9,0,4
2019,8,Agosto,Colisión con motocicleta,26,Sonora,30,Hermosillo,24,0,11
2019,8,Agosto,Colisión con objeto fijo,26,Sonora,30,Hermosillo,25,0,10
2019,8,Agosto,Colisión con peatón (atropellamiento),26,Sonora,30,Hermosillo,13,1,13
2019,8,Agosto,Colisión con vehículo automotor,26,Sonora,30,Hermosillo,153,0,23
2019,8,Agosto,Salida del camino,26,Sonora,30,Hermosillo,1,0,1
2019,8,Agosto,Volcadura,26,Sonora,30,Hermosillo,7,1,6
2019,9,Septiembre,Colisión con animal,26,Sonora,30,Hermosillo,3,0,0
2019,9,Septiembre,Colisión con ciclista,26,Sonora,30,Hermosillo,6,0,3
2019,9,Septiembre,Colisión con motocicleta,26,Sonora,30,Hermosillo,27,0,15
2019,9,Septiembre,Colisión con objeto fijo,26,Sonora,30,Hermosillo,23,1,4
2019,9,Septiembre,Colisión con peatón (atropellamiento),26,Sonora,30,Hermosillo,17,4,16
2019,9,Septiembre,Colisión con vehículo automotor,26,Sonora,30,Hermosillo,160,0,17
2019,9,Septiembre,Salida del camino,26,Sonora,30,Hermosillo,4,0,4
2019,9,Septiembre,Volcadura,26,Sonora,30,Hermosillo,4,0,3
2019,10,Octubre,Caída de pasajero,26,Sonora,30,Hermosillo,1,0,1
2019,10,Octubre,Colisión con animal,26,Sonora,30,Hermosillo,4,0,2
2019,10,Octubre,Colisión con ciclista,26,Sonora,30,Hermosillo,3,0,2
2019,10,Octubre,Colisión con ferrocarril,26,Sonora,30,Hermosillo,2,0,2
2019,10,Octubre,Colisión con motocicleta,26,Sonora,30,Hermosillo,30,2,17
2019,10,Octubre,Colisión con objeto fijo,26,Sonora,30,Hermosillo,21,2,4
2019,10,Octubre,Colisión con peatón (atropellamiento),26,Sonora,30,Hermosillo,20,0,22
2019,10,Octubre,Colisión con vehículo automotor,26,Sonora,30,Hermosillo,157,1,19
2019,10,Octubre,Salida del camino,26,Sonora,30,Hermosillo,6,0,5
2019,10,Octubre,Volcadura,26,Sonora,30,Hermosillo,12,4,2
2019,11,Noviembre,Caída de pasajero,26,Sonora,30,Hermosillo,2,0,3
2019,11,Noviembre,Colisión con animal,26,Sonora,30,Hermosillo,2,0,1
2019,11,Noviembre,Colisión con ciclista,26,Sonora,30,Hermosillo,7,0,3
2019,11,Noviembre,Colisión con motocicleta,26,Sonora,30,Hermosillo,19,0,9
2019,11,Noviembre,Colisión con objeto fijo,26,Sonora,30,Hermosillo,20,0,1
2019,11,Noviembre,Colisión con peatón (atropellamiento),26,Sonora,30,Hermosillo,12,1,11
2019,11,Noviembre,Colisión con vehículo automotor,26,Sonora,30,Hermosillo,145,0,20
2019,11,Noviembre,Otro,26,Sonora,30,Hermosillo,1,0,0
2019,11,Noviembre,Salida del camino,26,Sonora,30,Hermosillo,1,0,0
2019,11,Noviembre,Volcadura,26,Sonora,30,Hermosillo,10,0,8
2019,12,Diciembre,Caída de pasajero,26,Sonora,30,Hermosillo,7,1,7
2019,12,Diciembre,Colisión con animal,26,Sonora,30,Hermosillo,5,0,0
2019,12,Diciembre,Colisión con ciclista,26,Sonora,30,Hermosillo,7,0,7
2019,12,Diciembre,Colisión con motocicleta,26,Sonora,30,Hermosillo,21,0,13
2019,12,Diciembre,Colisión con objeto fijo,26,Sonora,30,Hermosillo,25,0,0
2019,12,Diciembre,Colisión con peatón (atropellamiento),26,Sonora,30,Hermosillo,19,3,18
2019,12,Diciembre,Colisión con vehículo automotor,26,Sonora,30,Hermosillo,150,0,39
2019,12,Diciembre,Salida del camino,26,Sonora,30,Hermosillo,3,0,2
2019,12,Diciembre,Volcadura,26,Sonora,30,Hermosillo,6,1,2
2020,1,Enero,Caída de pasajero,26,Sonora,30,Hermosillo,3,0,3
2020,1,Enero,Colisión con animal,26,Sonora,30,Hermosillo,2,0,0
2020,1,Enero,Colisión con ciclista,26,Sonora,30,Hermosillo,12,0,0
2020,1,Enero,Colisión con motocicleta,26,Sonora,30,Hermosillo,18,0,0
2020,1,Enero,Colisión con objeto fijo,26,Sonora,30,Hermosillo,25,0,0
2020,1,Enero,Colisión con peatón (atropellamiento),26,Sonora,30,Hermosillo,12,0,12
2020,1,Enero,Colisión con vehículo automotor,26,Sonora,30,Hermosillo,113,0,0
2020,1,Enero,Salida del camino,26,Sonora,30,Hermosillo,6,0,0
2020,1,Enero,Volcadura,26,Sonora,30,Hermosillo,5,0,0
2020,2,Febrero,Caída de pasajero,26,Sonora,30,Hermosillo,3,0,3
2020,2,Febrero,Colisión con animal,26,Sonora,30,Hermosillo,1,0,0
2020,2,Febrero,Colisión con ciclista,26,Sonora,30,Hermosillo,10,0,7
2020,2,Febrero,Colisión con motocicleta,26,Sonora,30,Hermosillo,19,1,14
2020,2,Febrero,Colisión con objeto fijo,26,Sonora,30,Hermosillo,29,1,2
2020,2,Febrero,Colisión con peatón (atropellamiento),26,Sonora,30,Hermosillo,19,2,18
2020,2,Febrero,Colisión con vehículo automotor,26,Sonora,30,Hermosillo,111,0,22
2020,2,Febrero,Salida del camino,26,Sonora,30,Hermosillo,5,0,5
2020,2,Febrero,Volcadura,26,Sonora,30,Hermosillo,4,0,1
2020,3,Marzo,Colisión con animal,26,Sonora,30,Hermosillo,1,0,0
2020,3,Marzo,Colisión con ciclista,26,Sonora,30,Hermosillo,6,1,4
2020,3,Marzo,Colisión con motocicleta,26,Sonora,30,Hermosillo,25,0,15
2020,3,Marzo,Colisión con objeto fijo,26,Sonora,30,Hermosillo,26,2,4
2020,3,Marzo,Colisión con peatón (atropellamiento),26,Sonora,30,Hermosillo,9,2,7
2020,3,Marzo,Colisión con vehículo automotor,26,Sonora,30,Hermosillo,108,0,34
2020,3,Marzo,Salida del camino,26,Sonora,30,Hermosillo,5,0,4
2020,3,Marzo,Volcadura,26,Sonora,30,Hermosillo,6,1,3
2020,4,Abril,Caída de pasajero,26,Sonora,30,Hermosillo,1,0,1
2020,4,Abril,Colisión con animal,26,Sonora,30,Hermosillo,2,0,0
2020,4,Abril,Colisión con ciclista,26,Sonora,30,Hermosillo,6,0,2
2020,4,Abril,Colisión con motocicleta,26,Sonora,30,Hermosillo,11,0,6
2020,4,Abril,Colisión con objeto fijo,26,Sonora,30,Hermosillo,15,0,3
2020,4,Abril,Colisión con peatón (atropellamiento),26,Sonora,30,Hermosillo,8,2,6
2020,4,Abril,Colisión con vehículo automotor,26,Sonora,30,Hermosillo,58,0,5
2020,4,Abril,Salida del camino,26,Sonora,30,Hermosillo,1,0,0
2020,4,Abril,Volcadura,26,Sonora,30,Hermosillo,3,0,1
2020,5,Mayo,Caída de pasajero,26,Sonora,30,Hermosillo,1,0,1
2020,5,Mayo,Colisión con animal,26,Sonora,30,Hermosillo,1,0,0
2020,5,Mayo,Colisión con ciclista,26,Sonora,30,Hermosillo,3,0,3
2020,5,Mayo,Colisión con motocicleta,26,Sonora,30,Hermosillo,20,0,14
2020,5,Mayo,Colisión con objeto fijo,26,Sonora,30,Hermosillo,21,0,2
2020,5,Mayo,Colisión con peatón (atropellamiento),26,Sonora,30,Hermosillo,5,1,4
2020,5,Mayo,Colisión con vehículo automotor,26,Sonora,30,Hermosillo,68,0,14
2020,5,Mayo,Salida del camino,26,Sonora,30,Hermosillo,1,0,1
2020,5,Mayo,Volcadura,26,Sonora,30,Hermosillo,2,0,2
2020,6,Junio,Caída de pasajero,26,Sonora,30,Hermosillo,1,0,1
2020,6,Junio,Colisión con animal,26,Sonora,30,Hermosillo,3,0,0
2020,6,Junio,Colisión con ciclista,26,Sonora,30,Hermosillo,3,1,1
2020,6,Junio,Colisión con motocicleta,26,Sonora,30,Hermosillo,17,1,12
2020,6,Junio,Colisión con objeto fijo,26,Sonora,30,Hermosillo,29,2,10
2020,6,Junio,Colisión con peatón (atropellamiento),26,Sonora,30,Hermosillo,10,1,9
2020,6,Junio,Colisión con vehículo automotor,26,Sonora,30,Hermosillo,78,0,15
2020,6,Junio,Salida del camino,26,Sonora,30,Hermosillo,2,0,2
2020,6,Junio,Volcadura,26,Sonora,30,Hermosillo,7,1,3
2020,7,Julio,Caída de pasajero,26,Sonora,30,Hermosillo,2,0,2
2020,7,Julio,Colisión con animal,26,Sonora,30,Hermosillo,3,1,0
2020,7,Julio,Colisión con ciclista,26,Sonora,30,Hermosillo,5,1,2
2020,7,Julio,Colisión con motocicleta,26,Sonora,30,Hermosillo,25,1,18
2020,7,Julio,Colisión con objeto fijo,26,Sonora,30,Hermosillo,28,1,9
2020,7,Julio,Colisión con peatón (atropellamiento),26,Sonora,30,Hermosillo,10,2,9
2020,7,Julio,Colisión con vehículo automotor,26,Sonora,30,Hermosillo,99,0,18
2020,7,Julio,Salida del camino,26,Sonora,30,Hermosillo,2,0,0
2020,7,Julio,Volcadura,26,Sonora,30,Hermosillo,5,0,0
2020,8,Agosto,Caída de pasajero,26,Sonora,30,Hermosillo,5,0,5
2020,8,Agosto,Colisión con animal,26,Sonora,30,Hermosillo,1,0,0
2020,8,Agosto,Colisión con ciclista,26,Sonora,30,Hermosillo,5,1,2
2020,8,Agosto,Colisión con motocicleta,26,Sonora,30,Hermosillo,15,1,8
2020,8,Agosto,Colisión con objeto fijo,26,Sonora,30,Hermosillo,29,1,2
2020,8,Agosto,Colisión con peatón (atropellamiento),26,Sonora,30,Hermosillo,13,0,13
2020,8,Agosto,Colisión con vehículo automotor,26,Sonora,30,Hermosillo,100,2,7
2020,8,Agosto,Volcadura,26,Sonora,30,Hermosillo,8,1,8
2020,9,Septiembre,Caída de pasajero,26,Sonora,30,Hermosillo,3,0,3
2020,9,Septiembre,Colisión con ciclista,26,Sonora,30,Hermosillo,11,0,8
2020,9,Septiembre,Colisión con motocicleta,26,Sonora,30,Hermosillo,19,1,10
2020,9,Septiembre,Colisión con objeto fijo,26,Sonora,30,Hermosillo,22,2,3
2020,9,Septiembre,Colisión con peatón (atropellamiento),26,Sonora,30,Hermosillo,10,2,8
2020,9,Septiembre,Colisión con vehículo automotor,26,Sonora,30,Hermosillo,106,3,24
2020,9,Septiembre,Volcadura,26,Sonora,30,Hermosillo,11,0,11
2020,10,Octubre,Caída de pasajero,26,Sonora,30,Hermosillo,3,0,3
2020,10,Octubre,Colisión con animal,26,Sonora,30,Hermosillo,3,0,0
2020,10,Octubre,Colisión con ciclista,26,Sonora,30,Hermosillo,16,0,14
2020,10,Octubre,Colisión con motocicleta,26,Sonora,30,Hermosillo,24,0,14
2020,10,Octubre,Colisión con objeto fijo,26,Sonora,30,Hermosillo,19,0,4
2020,10,Octubre,Colisión con peatón (atropellamiento),26,Sonora,30,Hermosillo,12,1,11
2020,10,Octubre,Colisión con vehículo automotor,26,Sonora,30,Hermosillo,117,0,17
2020,10,Octubre,Volcadura,26,Sonora,30,Hermosillo,13,0,8
2020,11,Noviembre,Caída de pasajero,26,Sonora,30,Hermosillo,4,1,3
2020,11,Noviembre,Colisión con animal,26,Sonora,30,Hermosillo,2,0,0
2020,11,Noviembre,Colisión con ciclista,26,Sonora,30,Hermosillo,10,1,7
2020,11,Noviembre,Colisión con motocicleta,26,Sonora,30,Hermosillo,22,0,15
2020,11,Noviembre,Colisión con objeto fijo,26,Sonora,30,Hermosillo,39,1,8
2020,11,Noviembre,Colisión con peatón (atropellamiento),26,Sonora,30,Hermosillo,16,2,14
2020,11,Noviembre,Colisión con vehículo automotor,26,Sonora,30,Hermosillo,108,2,22
2020,11,Noviembre,Salida del camino,26,Sonora,30,Hermosillo,1,0,0
2020,11,Noviembre,Volcadura,26,Sonora,30,Hermosillo,9,1,5
2020,12,Diciembre,Caída de pasajero,26,Sonora,30,Hermosillo,4,0,4
2020,12,Diciembre,Colisión con animal,26,Sonora,30,Hermosillo,4,0,1
2020,12,Diciembre,Colisión con ciclista,26,Sonora,30,Hermosillo,6,0,3
2020,12,Diciembre,Colisión con motocicleta,26,Sonora,30,Hermosillo,28,3,11
2020,12,Diciembre,Colisión con objeto fijo,26,Sonora,30,Hermosillo,31,1,4
2020,12,Diciembre,Colisión con peatón (atropellamiento),26,Sonora,30,Hermosillo,17,2,15
2020,12,Diciembre,Colisión con vehículo automotor,26,Sonora,30,Hermosillo,137,0,14
2020,12,Diciembre,Salida del camino,26,Sonora,30,Hermosillo,2,0,1
2020,12,Diciembre,Volcadura,26,Sonora,30,Hermosillo,9,0,3
2021,1,Enero,Caída de pasajero,26,Sonora,30,Hermosillo,3,0,3
2021,1,Enero,Colisión con animal,26,Sonora,30,Hermosillo,4,0,1
2021,1,Enero,Colisión con ciclista,26,Sonora,30,Hermosillo,6,0,7
2021,1,Enero,Colisión con motocicleta,26,Sonora,30,Hermosillo,21,2,14
2021,1,Enero,Colisión con objeto fijo,26,Sonora,30,Hermosillo,30,0,2
2021,1,Enero,Colisión con peatón (atropellamiento),26,Sonora,30,Hermosillo,11,0,11
2021,1,Enero,Colisión con vehículo automotor,26,Sonora,30,Hermosillo,101,0,17
2021,1,Enero,Salida del camino,26,Sonora,30,Hermosillo,1,0,0
2021,1,Enero,Volcadura,26,Sonora,30,Hermosillo,6,0,4
2021,2,Febrero,Caída de pasajero,26,Sonora,30,Hermosillo,4,1,3
2021,2,Febrero,Colisión con ciclista,26,Sonora,30,Hermosillo,4,0,2
2021,2,Febrero,Colisión con motocicleta,26,Sonora,30,Hermosillo,21,0,14
2021,2,Febrero,Colisión con objeto fijo,26,Sonora,30,Hermosillo,31,1,12
2021,2,Febrero,Colisión con peatón (atropellamiento),26,Sonora,30,Hermosillo,11,2,9
2021,2,Febrero,Colisión con vehículo automotor,26,Sonora,30,Hermosillo,92,0,19
2021,2,Febrero,Otro,26,Sonora,30,Hermosillo,1,0,0
2021,2,Febrero,Salida del camino,26,Sonora,30,Hermosillo,1,1,0
2021,2,Febrero,Volcadura,26,Sonora,30,Hermosillo,7,0,3
2021,3,Marzo,Caída de pasajero,26,Sonora,30,Hermosillo,6,0,11
2021,3,Marzo,Colisión con animal,26,Sonora,30,Hermosillo,3,0,1
2021,3,Marzo,Colisión con ciclista,26,Sonora,30,Hermosillo,5,0,4
2021,3,Marzo,Colisión con motocicleta,26,Sonora,30,Hermosillo,20,0,10
2021,3,Marzo,Colisión con objeto fijo,26,Sonora,30,Hermosillo,38,0,10
2021,3,Marzo,Colisión con peatón (atropellamiento),26,Sonora,30,Hermosillo,17,3,16
2021,3,Marzo,Colisión con vehículo automotor,26,Sonora,30,Hermosillo,115,3,26
2021,3,Marzo,Salida del camino,26,Sonora,30,Hermosillo,1,0,0
2021,3,Marzo,Volcadura,26,Sonora,30,Hermosillo,8,0,8
2021,4,Abril,Caída de pasajero,26,Sonora,30,Hermosillo,6,0,6
2021,4,Abril,Colisión con animal,26,Sonora,30,Hermosillo,2,0,0
2021,4,Abril,Colisión con ciclista,26,Sonora,30,Hermosillo,4,0,4
2021,4,Abril,Colisión con motocicleta,26,Sonora,30,Hermosillo,28,0,14
2021,4,Abril,Colisión con objeto fijo,26,Sonora,30,Hermosillo,50,0,8
2021,4,Abril,Colisión con peatón (atropellamiento),26,Sonora,30,Hermosillo,22,0,23
2021,4,Abril,Colisión con vehículo automotor,26,Sonora,30,Hermosillo,235,0,39
2021,4,Abril,Salida del camino,26,Sonora,30,Hermosillo,5,0,1
2021,4,Abril,Volcadura,26,Sonora,30,Hermosillo,3,0,3
2021,5,Mayo,Caída de pasajero,26,Sonora,30,Hermosillo,13,0,14
2021,5,Mayo,Colisión con ciclista,26,Sonora,30,Hermosillo,14,0,10
2021,5,Mayo,Colisión con motocicleta,26,Sonora,30,Hermosillo,75,0,25
2021,5,Mayo,Colisión con objeto fijo,26,Sonora,30,Hermosillo,81,1,6
2021,5,Mayo,Colisión con peatón (atropellamiento),26,Sonora,30,Hermosillo,23,3,22
2021,5,Mayo,Colisión con vehículo automotor,26,Sonora,30,Hermosillo,706,0,57
2021,5,Mayo,Otro,26,Sonora,30,Hermosillo,1,0,0
2021,5,Mayo,Salida del camino,26,Sonora,30,Hermosillo,4,0,1
2021,5,Mayo,Volcadura,26,Sonora,30,Hermosillo,17,0,4
2021,6,Junio,Caída de pasajero,26,Sonora,30,Hermosillo,7,0,8
2021,6,Junio,Colisión con ciclista,26,Sonora,30,Hermosillo,17,0,7
2021,6,Junio,Colisión con motocicleta,26,Sonora,30,Hermosillo,63,0,24
2021,6,Junio,Colisión con objeto fijo,26,Sonora,30,Hermosillo,96,1,16
2021,6,Junio,Colisión con peatón (atropellamiento),26,Sonora,30,Hermosillo,24,0,28
2021,6,Junio,Colisión con vehículo automotor,26,Sonora,30,Hermosillo,754,0,39
2021,6,Junio,Otro,26,Sonora,30,Hermosillo,1,0,0
2021,6,Junio,Salida del camino,26,Sonora,30,Hermosillo,8,0,2
2021,6,Junio,Volcadura,26,Sonora,30,Hermosillo,13,0,4
2021,7,Julio,Caída de pasajero,26,Sonora,30,Hermosillo,11,0,11
2021,7,Julio,Colisión con animal,26,Sonora,30,Hermosillo,1,0,0
2021,7,Julio,Colisión con ciclista,26,Sonora,30,Hermosillo,10,0,2
2021,7,Julio,Colisión con ferrocarril,26,Sonora,30,Hermosillo,2,0,1
2021,7,Julio,Colisión con motocicleta,26,Sonora,30,Hermosillo,71,0,27
2021,7,Julio,Colisión con objeto fijo,26,Sonora,30,Hermosillo,82,1,5
2021,7,Julio,Colisión con peatón (atropellamiento),26,Sonora,30,Hermosillo,17,1,19
2021,7,Julio,Colisión con vehículo automotor,26,Sonora,30,Hermosillo,682,2,40
2021,7,Julio,Salida del camino,26,Sonora,30,Hermosillo,2,0,1
2021,7,Julio,Volcadura,26,Sonora,30,Hermosillo,15,0,6
2021,8,Agosto,Caída de pasajero,26,Sonora,30,Hermosillo,9,1,8
2021,8,Agosto,Colisión con animal,26,Sonora,30,Hermosillo,3,0,1
2021,8,Agosto,Colisión con ciclista,26,Sonora,30,Hermosillo,7,2,1
2021,8,Agosto,Colisión con motocicleta,26,Sonora,30,Hermosillo,80,0,19
2021,8,Agosto,Colisión con objeto fijo,26,Sonora,30,Hermosillo,72,0,12
2021,8,Agosto,Colisión con peatón (atropellamiento),26,Sonora,30,Hermosillo,26,0,27
2021,8,Agosto,Colisión con vehículo automotor,26,Sonora,30,Hermosillo,716,0,30
2021,8,Agosto,Otro,26,Sonora,30,Hermosillo,3,0,0
2021,8,Agosto,Salida del camino,26,Sonora,30,Hermosillo,5,0,0
2021,8,Agosto,Volcadura,26,Sonora,30,Hermosillo,14,3,16
2021,9,Septiembre,Colisión con animal,26,Sonora,30,Hermosillo,1,0,0
2021,9,Septiembre,Colisión con ciclista,26,Sonora,30,Hermosillo,9,0,4
2021,9,Septiembre,Colisión con motocicleta,26,Sonora,30,Hermosillo,69,0,30
2021,9,Septiembre,Colisión con objeto fijo,26,Sonora,30,Hermosillo,85,0,6
2021,9,Septiembre,Colisión con peatón (atropellamiento),26,Sonora,30,Hermosillo,21,0,21
2021,9,Septiembre,Colisión con vehículo automotor,26,Sonora,30,Hermosillo,745,1,51
2021,9,Septiembre,Otro,26,Sonora,30,Hermosillo,2,0,0
2021,9,Septiembre,Salida del camino,26,Sonora,30,Hermosillo,2,0,1
2021,9,Septiembre,Volcadura,26,Sonora,30,Hermosillo,19,4,29
2021,10,Octubre,Caída de pasajero,26,Sonora,30,Hermosillo,14,0,14
2021,10,Octubre,Colisión con animal,26,Sonora,30,Hermosillo,1,0,0
2021,10,Octubre,Colisión con ciclista,26,Sonora,30,Hermosillo,18,0,6
2021,10,Octubre,Colisión con ferrocarril,26,Sonora,30,Hermosillo,1,0,0
2021,10,Octubre,Colisión con motocicleta,26,Sonora,30,Hermosillo,90,0,33
2021,10,Octubre,Colisión con objeto fijo,26,Sonora,30,Hermosillo,98,0,9
2021,10,Octubre,Colisión con peatón (atropellamiento),26,Sonora,30,Hermosillo,19,0,19
2021,10,Octubre,Colisión con vehículo automotor,26,Sonora,30,Hermosillo,766,0,35
2021,10,Octubre,Otro,26,Sonora,30,Hermosillo,1,0,1
2021,10,Octubre,Salida del camino,26,Sonora,30,Hermosillo,8,0,0
2021,10,Octubre,Volcadura,26,Sonora,30,Hermosillo,11,0,4
2021,11,Noviembre,Caída de pasajero,26,Sonora,30,Hermosillo,15,0,15
2021,11,Noviembre,Colisión con ciclista,26,Sonora,30,Hermosillo,16,4,6
2021,11,Noviembre,Colisión con ferrocarril,26,Sonora,30,Hermosillo,1,0,0
2021,11,Noviembre,Colisión con motocicleta,26,Sonora,30,Hermosillo,86,0,32
2021,11,Noviembre,Colisión con objeto fijo,26,Sonora,30,Hermosillo,68,0,15
2021,11,Noviembre,Colisión con peatón (atropellamiento),26,Sonora,30,Hermosillo,22,1,21
2021,11,Noviembre,Colisión con vehículo automotor,26,Sonora,30,Hermosillo,694,1,56
2021,11,Noviembre,Salida del camino,26,Sonora,30,Hermosillo,2,0,0
2021,11,Noviembre,Volcadura,26,Sonora,30,Hermosillo,7,0,2
2021,12,Diciembre,Caída de pasajero,26,Sonora,30,Hermosillo,12,0,12
2021,12,Diciembre,Colisión con animal,26,Sonora,30,Hermosillo,6,0,2
2021,12,Diciembre,Colisión con ciclista,26,Sonora,30,Hermosillo,14,0,8
2021,12,Diciembre,Colisión con motocicleta,26,Sonora,30,Hermosillo,80,3,14
2021,12,Diciembre,Colisión con objeto fijo,26,Sonora,30,Hermosillo,100,0,7
2021,12,Diciembre,Colisión con peatón (atropellamiento),26,Sonora,30,Hermosillo,24,1,23
2021,12,Diciembre,Colisión con vehículo automotor,26,Sonora,30,Hermosillo,876,0,35
2021,12,Diciembre,Otro,26,Sonora,30,Hermosillo,1,0,1
2021,12,Diciembre,Salida del camino,26,Sonora,30,Hermosillo,7,0,1
2021,12,Diciembre,Volcadura,26,Sonora,30,Hermosillo,14,0,0
